{"cameraMode":{"drawMode":0,"name":"Shaded","section":"Shading Mode"},"sceneLighting":true,"audioPlay":false,"sceneViewState":{"showFog":false,"showMaterialUpdate":false,"showSkybox":false,"showFlares":false,"showImageEffects":false,"showParticleSystems":true},"in2DMode":false,"pivot":{"x":1.899999976158142,"y":1.3819999694824219,"z":-11.140000343322754},"rotation":{"x":0.2817096710205078,"y":-0.31708186864852908,"z":0.09924601763486862,"w":0.9001383781433106},"size":27.731016159057618,"orthographic":false}